Reference,Qty,Value,DNP,Exclude from BOM,Exclude from Board,Footprint,Datasheet
"+1,-1",2,TestPoint,,,,TestPoint:TestPoint_THTPad_D1.0mm_Drill0.5mm,
"CLK1,DIO1",2,TestPoint,,,,TestPoint:TestPoint_Pad_D2.0mm,
"D1,D2,D3,D4,D5,D6,D7,D8,D9,D10,D11,D12,D13,D14,D15,D16,D17,D18",18,D,,,,Diode_THT:D_DO-34_SOD68_P7.62mm_Horizontal,
J1,1,Conn_01x02_Socket,,,,Connector_JST:JST_PH_S2B-PH-K_1x02_P2.00mm_Horizontal,
SW1,1,SW_SPDT,,,,ul_MK12C02:MK-12C02-G020_GSW,
SW2,1,RotaryEncoder_Switch,,,,Rotary_Encoder:RotaryEncoder_Alps_EC11E-Switch_Vertical_H20mm_MountingHoles,
"SW3,SW4,SW5,SW6,SW7,SW8,SW9,SW10,SW11,SW12,SW13,SW14,SW15,SW16,SW17,SW18",16,SW_Push,,,,PCM_Switch_Keyboard_Cherry_MX:SW_Cherry_MX_PCB_1.00u,
"SW19,SW20",2,SW_Push,,,,PCM_Switch_Keyboard_Cherry_MX:SW_Cherry_MX_PCB_2.00u,
U1,1,ER_OLEDM0.91_1x-I2C,,,,Display:ER_OLEDM0.91_1x-I2C,https://www.buydisplay.com/download/manual/ER-OLEDM0.91-1_Datasheet.pdf
U2,1,XIAO-nRF52840-Plus-SMD,,,,Seeed Studio XIAO Series Library:XIAO-nRF52840-Plus-SMD,
